customer_id,name,email,city,signup_date
1,Taylor Andrews,joshuarush@palmer.com,South Jennifer,2024-09-30
2,Steven Torres,ygutierrez@rice.com,Jessicabury,2024-12-15
3,Alfred Watson,garciajoseph@gmail.com,North Kyle,2025-03-30
4,Mary Fischer,william06@yahoo.com,Jenniferfort,2024-07-20
5,Erik Kelly,mcasey@ford.info,Yatesmouth,2024-09-11
6,Pamela Leonard,justin92@white-owen.com,Bridgetfort,2024-12-14
7,Matthew Anderson,paulryan@yahoo.com,Kevinton,2024-11-16
8,Cody Warren,michelle51@cook.com,New Michaelview,2024-11-21
9,Jacob Bond,smithtimothy@cardenas.com,Lake Susanland,2025-01-02
10,Jeffery Sanchez,rhill@richards.com,New James,2024-07-18
11,Victoria Joyce,murrayemma@hotmail.com,Robertsport,2024-06-19
12,Martin Walker,baileymichael@bridges-tate.com,West Jessica,2024-08-19
13,Nancy Alvarez,courtneynguyen@hotmail.com,Lake Jonathan,2025-01-21
14,Kim Lopez,emullins@morris.net,North Jacobland,2024-12-31
15,Laura Lambert,vchambers@gmail.com,Christinaview,2025-01-03
16,Sara Brown,gwright@carter-hill.com,Daltonbury,2024-06-14
17,James Bennett,amy76@gmail.com,Lake Cynthiatown,2024-07-20
18,Steven Gonzalez,imorgan@hotmail.com,New Samantha,2025-04-19
19,Darrell Johnson,pbullock@lamb.com,Sanchezmouth,2024-10-13
20,Brian Perez,garrett76@hotmail.com,Veronicaborough,2024-10-05
21,Jacob Hartman,mccartyhelen@clark.com,Danielberg,2024-12-18
22,Samuel Woods,dennissteele@donovan.com,North Joelhaven,2024-06-03
23,Ashley Nelson,ariaschristopher@brown.net,Tamarachester,2024-09-25
24,Denise West,murraydaniel@hamilton.com,South Jay,2025-03-15
25,Ryan Hill,catherine71@hotmail.com,Kristenfort,2024-06-12
26,Elizabeth Hughes,joseph85@lawrence.com,Randallchester,2025-03-01
27,Amy Prince,brad74@hotmail.com,Sarahberg,2024-07-05
28,Austin Brown,deleonmark@gmail.com,Port Ashley,2025-02-10
29,Nicole Payne,pmcclure@yahoo.com,Rodriguezchester,2024-08-29
30,Sabrina Hill,frenchcaleb@meyer-gonzales.net,Donaldstad,2024-06-01
31,William Ryan,landerson@schultz.net,South Rose,2025-02-21
32,Roy Burke,perezkristina@frye-evans.org,Cindyfort,2024-07-03
33,Katherine Miller,rwhite@nelson-spencer.com,Navarrohaven,2025-04-15
34,Justin Jacobs,victoria92@yahoo.com,Rachelburgh,2025-01-28
35,Angela Cooper,ghernandez@hotmail.com,Hayesburgh,2024-05-11
36,Jenna Bryant,hallnatalie@gonzalez.info,Claychester,2024-08-13
37,Maria Smith,davidbarker@gmail.com,Phillipstad,2025-01-28
38,Brittany Murray,angela99@hotmail.com,North Jerryberg,2025-02-10
39,Jonathan Brown,brandonstewart@gmail.com,Deleonton,2024-11-17
40,Deanna Garcia,robin39@west-curry.com,South Susan,2025-01-02
41,Brandon Campos,steven32@davidson.com,Maryland,2025-01-25
42,Ryan King,christopheroconnor@gmail.com,Martinview,2024-09-09
43,Amanda Mendoza,khart@yahoo.com,Lake Kathleenbury,2024-07-30
44,Jose Koch,upena@torres-cardenas.org,Lake Hollychester,2024-06-15
45,Matthew Bryant,lopezbrenda@black.com,Pamelaburgh,2024-10-16
46,Ryan Garcia,ronaldjones@hotmail.com,East Julie,2024-12-10
47,Cory Martinez,ellissonya@jones-vega.com,Tanyaton,2025-02-01
48,John Gallegos,robertmartinez@yahoo.com,East Sherrychester,2024-12-04
49,Nicholas Hogan,jasminewilson@davidson-gibbs.com,Port Trevor,2024-11-05
50,Jennifer Cameron,jeremywolf@yahoo.com,South Erin,2024-05-02
51,Robert Williams,wendyroberts@yahoo.com,Andrewmouth,2024-08-11
52,Destiny Santana,danielle02@perez-clay.com,Lake Kimberly,2025-04-12
53,Laura Cox,heather57@banks.org,Lake Steven,2024-07-28
54,Jose Diaz,otravis@sheppard.com,West Justin,2025-03-17
55,Troy Ward DVM,matthewanderson@sosa.com,Floresville,2024-12-15
56,Danielle Turner,dianahodges@hotmail.com,Mccormickfurt,2025-04-09
57,Laura Richardson,usmith@yahoo.com,Michaelbury,2025-03-18
58,Jennifer Zhang MD,hendersonyesenia@perez.com,South Jennifer,2024-11-13
59,Nicholas Booker,robertramos@yahoo.com,North Jasontown,2025-01-13
60,Kenneth Lewis,oparker@hotmail.com,Katiefort,2024-05-07
61,Eric Acosta,hebertjessica@castillo-arroyo.org,Garychester,2025-02-17
62,Michael Le,ryan22@buck.net,West Paulborough,2024-05-05
63,William Barrera,danny50@buck.com,South Jeffrey,2024-05-30
64,Mr. Randall Pham III,joel88@perry.com,Danielletown,2024-09-02
65,Dave Zavala,uhopkins@hotmail.com,Lake Cynthia,2025-03-28
66,Denise Barrett,williamrogers@anderson.net,Jenniferhaven,2025-02-01
67,Mary Tucker,jcook@henry.biz,South Darren,2024-11-24
68,Andrea Adams,rhonda45@perez.net,North Johnville,2024-06-05
69,Kathleen White,reevesjason@reyes.com,Georgemouth,2024-10-13
70,Mario Lucas,sanchezeric@hendricks-arnold.com,Lake Fredside,2025-01-04
71,Clarence Scott MD,johnsonnancy@gmail.com,South Josephberg,2024-11-09
72,Jennifer Walker,jessicajohnson@yahoo.com,Robertsfort,2024-05-08
73,William Fuentes,martineznorma@hotmail.com,New Scott,2024-09-07
74,Philip Holmes,fgreen@hotmail.com,Katieborough,2024-05-18
75,Eric Greer,robert94@hendrix.com,New Connorton,2025-03-26
76,Maria Turner,christopherrosario@barnes.net,Marshallview,2024-05-23
77,Cory Humphrey,fdiaz@hotmail.com,New Amy,2024-09-19
78,Joy Banks,darlene47@colon.net,West Bob,2025-03-05
79,Fernando King,brittanymeyer@yahoo.com,Michellebury,2024-12-19
80,Allison Henderson,courtney13@gmail.com,Jacksonport,2024-12-30
81,David Mcguire,gallaghermelissa@johnson.com,Lake Derrickside,2024-06-30
82,Terry West,tmercer@gmail.com,Jasonland,2024-09-16
83,Evan Griffin,leonardlopez@johnson.info,Port Sean,2025-02-16
84,Kendra Harris,madison83@gmail.com,Simmonshaven,2025-01-13
85,Morgan Garcia,saravazquez@yahoo.com,Robertview,2024-05-02
86,Jill Hodges,wrightandrew@blake.com,Danielbury,2025-02-18
87,Eric Cruz,wpeters@cole.com,East Linda,2024-11-02
88,William Nelson,george44@hotmail.com,Whiteheadville,2024-10-23
89,Jeff Parker,berrygary@brown.info,Lake Teresa,2025-04-04
90,Jeff Avila,walkerperry@hotmail.com,West Micheal,2024-09-24
91,Mr. Luis Hernandez,olivia86@johnson.biz,South Sabrinaport,2024-07-31
92,Felicia Francis,holly46@santiago.com,Port Christinaport,2024-11-15
93,Thomas Potter,luisreyes@gmail.com,East Donald,2025-02-18
94,William Wilson,michaelcarpenter@hunter.net,West Nicholas,2025-04-17
95,Darrell Carlson,kcobb@yahoo.com,Emilyland,2025-04-14
96,Ashley Hernandez,qreynolds@hotmail.com,Lake Amanda,2024-09-05
97,Justin Terrell,haneysharon@hotmail.com,Simonborough,2024-05-14
98,Michael Hardy,larsonelizabeth@hotmail.com,Baldwinborough,2024-07-14
99,Karina Rogers,wmoore@villegas-ayala.com,Jordanton,2025-04-07
100,Linda Sexton,skinnertiffany@hernandez-savage.biz,Stewartberg,2025-03-20
